USE RetailInventoryDBv2;

-- Insert Customers
INSERT INTO Customer (Name, Email, Address, Phone) VALUES
('John Smith', 'john.smith@email.com', '123 Main St, Boston, MA 02108', '1234567890'),
('Sarah Johnson', 'sarah.j@email.com', '456 Oak Ave, New York, NY 10001', '2345678901'),
('Michael Brown', 'michael.b@email.com', '789 Pine Rd, Chicago, IL 60601', '3456789012'),
('Emma Wilson', 'emma.w@email.com', '321 Elm St, San Francisco, CA 94105', '4567890123'),
('James Davis', 'james.d@email.com', '654 Maple Dr, Seattle, WA 98101', '5678901234'),
('Lisa Anderson', 'lisa.a@email.com', '987 Cedar Ln, Austin, TX 78701', '6789012345'),
('Robert Miller', 'robert.m@email.com', '147 Birch Rd, Denver, CO 80202', '7890123456'),
('Emily Taylor', 'emily.t@email.com', '258 Spruce St, Portland, OR 97201', '8901234567'),
('David Martinez', 'david.m@email.com', '369 Willow Ave, Miami, FL 33101', '9012345678'),
('Jennifer White', 'jennifer.w@email.com', '159 Pine St, Las Vegas, NV 89101', '0123456789'),
('William Clark', 'william.c@email.com', '753 Oak Rd, Phoenix, AZ 85001', '1357924680'),
('Patricia Lee', 'patricia.l@email.com', '951 Maple Ave, Houston, TX 77001', '2468013579'),
('Thomas Wright', 'thomas.w@email.com', '147 Cedar St, Atlanta, GA 30301', '9876543210'),
('Mary Rodriguez', 'mary.r@email.com', '258 Birch Ln, Philadelphia, PA 19101', '8765432109'),
('Joseph Garcia', 'joseph.g@email.com', '369 Spruce Dr, San Diego, CA 92101', '7654321098'),
('Sandra Lopez', 'sandra.l@email.com', '159 Willow Rd, Nashville, TN 37201', '6543210987'),
('Kevin Hall', 'kevin.h@email.com', '753 Elm Ave, Detroit, MI 48201', '5432109876'),
('Nancy Adams', 'nancy.a@email.com', '951 Pine Dr, Minneapolis, MN 55401', '4321098765'),
('George King', 'george.k@email.com', '147 Oak St, Salt Lake City, UT 84101', '3210987654'),
('Elizabeth Scott', 'elizabeth.s@email.com', '258 Maple Ln, Sacramento, CA 95814', '2109876543');

-- Insert Suppliers
INSERT INTO Supplier (Name, ContactPerson, Email, Phone, Address) VALUES
('Tech Distributors Inc.', 'Mark Wilson', 'mark.w@techdist.com', '1112223333', '100 Tech Park, Silicon Valley, CA'),
('Global Electronics', 'Anna Chen', 'anna.c@globalelec.com', '2223334444', '200 Industry Ave, New York, NY'),
('Smart Gadgets Co.', 'Peter Brown', 'peter.b@smartgadgets.com', '3334445555', '300 Innovation Dr, Austin, TX'),
('Digital Solutions Ltd.', 'Sarah Kim', 'sarah.k@digitalsol.com', '4445556666', '400 Digital Rd, Seattle, WA'),
('Elite Components', 'James Lee', 'james.l@elitecomp.com', '5556667777', '500 Component St, Boston, MA'),
('Prime Electronics', 'Maria Garcia', 'maria.g@prime-elec.com', '6667778888', '600 Prime Ave, Miami, FL'),
('Future Tech Supply', 'David Wang', 'david.w@futuretech.com', '7778889999', '700 Future Rd, Chicago, IL'),
('Quality Parts Co.', 'Lisa Thompson', 'lisa.t@qualityparts.com', '8889990000', '800 Quality Dr, Houston, TX'),
('Best Components Inc.', 'Robert Johnson', 'robert.j@bestcomp.com', '9990001111', '900 Best St, Phoenix, AZ'),
('Global Supply Chain', 'Emily Davis', 'emily.d@globalsupply.com', '1110002222', '1000 Supply Ave, Portland, OR'),
('Rapid Electronics', 'Michael Smith', 'michael.s@rapid-elec.com', '2220003333', '1100 Rapid Rd, Denver, CO'),
('Tech Solutions Plus', 'Jessica Martin', 'jessica.m@techsol.com', '3330004444', '1200 Solution Dr, Atlanta, GA'),
('Smart Supply Co.', 'William Turner', 'william.t@smartsup.com', '4440005555', '1300 Smart St, Dallas, TX'),
('Digital Components', 'Rachel Green', 'rachel.g@digcomp.com', '5550006666', '1400 Digital Ave, San Diego, CA'),
('Elite Tech Supply', 'Thomas White', 'thomas.w@elitetech.com', '6660007777', '1500 Elite Rd, Las Vegas, NV'),
('Power Electronics', 'Jennifer Black', 'jennifer.b@power-elec.com', '7770008888', '1600 Power Dr, Philadelphia, PA'),
('Innovation Supplies', 'Kevin Miller', 'kevin.m@innovsup.com', '8880009999', '1700 Innovation St, Detroit, MI'),
('Quality Tech Co.', 'Amanda Wilson', 'amanda.w@qualitytech.com', '9990000111', '1800 Tech Ave, Minneapolis, MN'),
('Best Supply Chain', 'Christopher Lee', 'chris.l@bestsupply.com', '1110000222', '1900 Supply Rd, Salt Lake City, UT'),
('Global Tech Parts', 'Michelle Rodriguez', 'michelle.r@gtechparts.com', '2220000333', '2000 Parts Dr, Sacramento, CA');

-- Insert Products
INSERT INTO Product (Name, Category, Price, StockLevel, SupplierID) VALUES
('4K Smart TV 55"', 'Electronics', 699.99, 50, 1),
('Wireless Earbuds Pro', 'Electronics', 149.99, 100, 2),
('Gaming Laptop Elite', 'Computers', 1299.99, 30, 3),
('Smartphone X12', 'Mobile Devices', 899.99, 75, 4),
('Smart Watch Series 5', 'Wearables', 299.99, 60, 5),
('Bluetooth Speaker XL', 'Audio', 79.99, 120, 6),
('Digital Camera Pro', 'Photography', 599.99, 40, 7),
('Gaming Console X', 'Gaming', 499.99, 45, 8),
('Wireless Mouse', 'Accessories', 39.99, 150, 9),
('Mechanical Keyboard', 'Accessories', 129.99, 80, 10),
('27" Monitor 4K', 'Computers', 349.99, 55, 11),
('Wireless Charger Pad', 'Accessories', 29.99, 200, 12),
('Smart Home Hub', 'Smart Home', 149.99, 70, 13),
('Fitness Tracker Pro', 'Wearables', 99.99, 90, 14),
('Noise-Canceling Headphones', 'Audio', 249.99, 65, 15),
('Tablet Pro 12.9"', 'Mobile Devices', 799.99, 40, 16),
('Portable SSD 1TB', 'Storage', 159.99, 100, 17),
('Wireless Router AC', 'Networking', 89.99, 85, 18),
('Smart Doorbell', 'Smart Home', 179.99, 60, 19),
('Webcam HD Pro', 'Accessories', 69.99, 110, 20);

-- Insert Orders (without TotalAmount as it will be calculated by triggers)
INSERT INTO `Order` (CustomerID, OrderDate, Status, PaymentStatus) VALUES
(1, '2024-01-01 10:00:00', 'Delivered', 'Paid'),
(2, '2024-01-02 11:30:00', 'Shipped', 'Paid'),
(3, '2024-01-03 14:15:00', 'Processing', 'Paid'),
(4, '2024-01-04 09:45:00', 'Delivered', 'Paid'),
(5, '2024-01-05 16:20:00', 'Shipped', 'Paid'),
(6, '2024-01-06 13:10:00', 'Delivered', 'Paid'),
(7, '2024-01-07 15:30:00', 'Processing', 'Pending'),
(8, '2024-01-08 12:45:00', 'Shipped', 'Paid'),
(9, '2024-01-09 10:20:00', 'Delivered', 'Paid'),
(10, '2024-01-10 14:50:00', 'Processing', 'Pending'),
(11, '2024-01-11 11:15:00', 'Shipped', 'Paid'),
(12, '2024-01-12 16:40:00', 'Delivered', 'Paid'),
(13, '2024-01-13 09:30:00', 'Processing', 'Pending'),
(14, '2024-01-14 13:25:00', 'Shipped', 'Paid'),
(15, '2024-01-15 15:55:00', 'Delivered', 'Paid'),
(16, '2024-01-16 10:40:00', 'Processing', 'Pending'),
(17, '2024-01-17 14:05:00', 'Shipped', 'Paid'),
(18, '2024-01-18 11:50:00', 'Delivered', 'Paid'),
(19, '2024-01-19 16:15:00', 'Processing', 'Pending'),
(20, '2024-01-20 12:30:00', 'Shipped', 'Paid');

-- Insert Order Details (without Subtotal as it will be calculated by triggers)
INSERT INTO OrderDetails (OrderID, ProductID, Quantity) VALUES
(1, 1, 1),
(1, 9, 1),
(2, 3, 1),
(3, 2, 2),
(4, 4, 1),
(5, 5, 1),
(5, 12, 5),
(6, 7, 1),
(7, 6, 2),
(7, 9, 3),
(8, 8, 2),
(8, 10, 1),
(9, 9, 2),
(9, 12, 3),
(10, 11, 2),
(10, 13, 1),
(11, 14, 3),
(12, 16, 1),
(12, 15, 2),
(13, 17, 1),
(14, 18, 5),
(15, 19, 2),
(16, 20, 3),
(17, 1, 1),
(18, 3, 1),
(19, 5, 1),
(20, 7, 1);